[{
  "model": "admin.logentry",
  "pk": 16,
  "fields": {
    "action_time": "2018-10-30T15:59:32.945Z",
    "user": 3,
    "content_type": 9,
    "object_id": "1",
    "object_repr": "Books",
    "action_flag": 1,
    "change_message": "[{\"added\": {}}]"
  }
}, {
  "model": "admin.logentry",
  "pk": 17,
  "fields": {
    "action_time": "2018-10-30T15:59:41.362Z",
    "user": 3,
    "content_type": 9,
    "object_id": "2",
    "object_repr": "Household",
    "action_flag": 1,
    "change_message": "[{\"added\": {}}]"
  }
}, {
  "model": "admin.logentry",
  "pk": 18,
  "fields": {
    "action_time": "2018-10-30T15:59:47.588Z",
    "user": 3,
    "content_type": 9,
    "object_id": "3",
    "object_repr": "Electronics",
    "action_flag": 1,
    "change_message": "[{\"added\": {}}]"
  }
}, {
  "model": "admin.logentry",
  "pk": 19,
  "fields": {
    "action_time": "2018-10-30T15:59:55.403Z",
    "user": 3,
    "content_type": 9,
    "object_id": "4",
    "object_repr": "Sporting Goods",
    "action_flag": 1,
    "change_message": "[{\"added\": {}}]"
  }
}, {
  "model": "admin.logentry",
  "pk": 20,
  "fields": {
    "action_time": "2018-10-30T16:01:05.616Z",
    "user": 3,
    "content_type": 10,
    "object_id": "1",
    "object_repr": "Computer Science",
    "action_flag": 1,
    "change_message": "[{\"added\": {}}]"
  }
}, {
  "model": "admin.logentry",
  "pk": 21,
  "fields": {
    "action_time": "2018-10-30T16:01:15.514Z",
    "user": 3,
    "content_type": 10,
    "object_id": "2",
    "object_repr": "Summer",
    "action_flag": 1,
    "change_message": "[{\"added\": {}}]"
  }
}, {
  "model": "admin.logentry",
  "pk": 22,
  "fields": {
    "action_time": "2018-10-30T16:01:22.420Z",
    "user": 3,
    "content_type": 10,
    "object_id": "3",
    "object_repr": "Winter",
    "action_flag": 1,
    "change_message": "[{\"added\": {}}]"
  }
}, {
  "model": "admin.logentry",
  "pk": 23,
  "fields": {
    "action_time": "2018-10-30T16:01:39.681Z",
    "user": 3,
    "content_type": 10,
    "object_id": "4",
    "object_repr": "Gaming",
    "action_flag": 1,
    "change_message": "[{\"added\": {}}]"
  }
}, {
  "model": "admin.logentry",
  "pk": 24,
  "fields": {
    "action_time": "2018-10-30T16:01:56.720Z",
    "user": 3,
    "content_type": 10,
    "object_id": "5",
    "object_repr": "Computer",
    "action_flag": 1,
    "change_message": "[{\"added\": {}}]"
  }
}, {
  "model": "admin.logentry",
  "pk": 25,
  "fields": {
    "action_time": "2018-10-30T16:02:17.296Z",
    "user": 3,
    "content_type": 10,
    "object_id": "6",
    "object_repr": "Math",
    "action_flag": 1,
    "change_message": "[{\"added\": {}}]"
  }
}, {
  "model": "admin.logentry",
  "pk": 26,
  "fields": {
    "action_time": "2018-10-30T16:03:15.725Z",
    "user": 3,
    "content_type": 8,
    "object_id": "1",
    "object_repr": "Pre-Calc",
    "action_flag": 1,
    "change_message": "[{\"added\": {}}]"
  }
}, {
  "model": "admin.logentry",
  "pk": 27,
  "fields": {
    "action_time": "2018-10-30T16:04:06.859Z",
    "user": 3,
    "content_type": 8,
    "object_id": "2",
    "object_repr": "Java 8 Fundamentals",
    "action_flag": 1,
    "change_message": "[{\"added\": {}}]"
  }
}, {
  "model": "admin.logentry",
  "pk": 28,
  "fields": {
    "action_time": "2018-10-30T16:04:37.935Z",
    "user": 3,
    "content_type": 10,
    "object_id": "7",
    "object_repr": "Furniture",
    "action_flag": 1,
    "change_message": "[{\"added\": {}}]"
  }
}, {
  "model": "admin.logentry",
  "pk": 29,
  "fields": {
    "action_time": "2018-10-30T16:05:50.398Z",
    "user": 3,
    "content_type": 8,
    "object_id": "3",
    "object_repr": "Comfy Sofa",
    "action_flag": 1,
    "change_message": "[{\"added\": {}}]"
  }
}, {
  "model": "admin.logentry",
  "pk": 30,
  "fields": {
    "action_time": "2018-10-30T16:06:03.277Z",
    "user": 3,
    "content_type": 8,
    "object_id": "2",
    "object_repr": "Java 8 Fundamentals",
    "action_flag": 2,
    "change_message": "[{\"changed\": {\"fields\": [\"item_description\"]}}]"
  }
}, {
  "model": "admin.logentry",
  "pk": 31,
  "fields": {
    "action_time": "2018-10-30T16:06:38.341Z",
    "user": 3,
    "content_type": 9,
    "object_id": "5",
    "object_repr": "Educational",
    "action_flag": 1,
    "change_message": "[{\"added\": {}}]"
  }
}, {
  "model": "admin.logentry",
  "pk": 32,
  "fields": {
    "action_time": "2018-10-30T16:07:11.398Z",
    "user": 3,
    "content_type": 10,
    "object_id": "8",
    "object_repr": "Device",
    "action_flag": 1,
    "change_message": "[{\"added\": {}}]"
  }
}, {
  "model": "admin.logentry",
  "pk": 33,
  "fields": {
    "action_time": "2018-10-30T16:07:21.954Z",
    "user": 3,
    "content_type": 8,
    "object_id": "4",
    "object_repr": "iClicker",
    "action_flag": 1,
    "change_message": "[{\"added\": {}}]"
  }
}, {
  "model": "admin.logentry",
  "pk": 34,
  "fields": {
    "action_time": "2018-10-30T19:36:32.513Z",
    "user": 3,
    "content_type": 4,
    "object_id": "5",
    "object_repr": "Ethan",
    "action_flag": 2,
    "change_message": "[{\"changed\": {\"fields\": [\"first_name\", \"last_name\"]}}]"
  }
}, {
  "model": "admin.logentry",
  "pk": 35,
  "fields": {
    "action_time": "2018-11-02T17:38:01.782Z",
    "user": 3,
    "content_type": 11,
    "object_id": "1",
    "object_repr": "Is this a question?",
    "action_flag": 1,
    "change_message": "[{\"added\": {}}, {\"added\": {\"name\": \"choice\", \"object\": \"Yes\"}}, {\"added\": {\"name\": \"choice\", \"object\": \"No\"}}]"
  }
}, {
  "model": "admin.logentry",
  "pk": 36,
  "fields": {
    "action_time": "2019-02-03T21:30:35.701Z",
    "user": 3,
    "content_type": 4,
    "object_id": "11",
    "object_repr": "eamatzdo",
    "action_flag": 2,
    "change_message": "[{\"changed\": {\"fields\": [\"is_staff\"]}}]"
  }
}, {
  "model": "admin.logentry",
  "pk": 37,
  "fields": {
    "action_time": "2019-02-03T21:44:29.364Z",
    "user": 3,
    "content_type": 4,
    "object_id": "5",
    "object_repr": "Ethan",
    "action_flag": 2,
    "change_message": "[{\"changed\": {\"fields\": [\"password\"]}}]"
  }
}, {
  "model": "admin.logentry",
  "pk": 41,
  "fields": {
    "action_time": "2019-09-18T00:55:38.735Z",
    "user": 13,
    "content_type": 4,
    "object_id": "13",
    "object_repr": "vidroc18",
    "action_flag": 2,
    "change_message": "[{\"changed\": {\"fields\": [\"first_name\"]}}]"
  }
}, {
  "model": "admin.logentry",
  "pk": 42,
  "fields": {
    "action_time": "2019-09-24T23:50:57.229Z",
    "user": 13,
    "content_type": 8,
    "object_id": "1",
    "object_repr": "Pre-Calc",
    "action_flag": 2,
    "change_message": "[{\"changed\": {\"fields\": [\"first_name\"]}}]"
  }
}, {
  "model": "admin.logentry",
  "pk": 43,
  "fields": {
    "action_time": "2019-09-24T23:51:02.066Z",
    "user": 13,
    "content_type": 8,
    "object_id": "1",
    "object_repr": "Pre-Calc",
    "action_flag": 2,
    "change_message": "[]"
  }
}, {
  "model": "admin.logentry",
  "pk": 44,
  "fields": {
    "action_time": "2019-09-24T23:51:07.416Z",
    "user": 13,
    "content_type": 8,
    "object_id": "2",
    "object_repr": "Java 8 Fundamentals",
    "action_flag": 2,
    "change_message": "[{\"changed\": {\"fields\": [\"first_name\"]}}]"
  }
}, {
  "model": "admin.logentry",
  "pk": 45,
  "fields": {
    "action_time": "2019-09-24T23:51:13.602Z",
    "user": 13,
    "content_type": 8,
    "object_id": "3",
    "object_repr": "Comfy Sofa",
    "action_flag": 2,
    "change_message": "[{\"changed\": {\"fields\": [\"first_name\"]}}]"
  }
}, {
  "model": "admin.logentry",
  "pk": 46,
  "fields": {
    "action_time": "2019-09-24T23:51:19.481Z",
    "user": 13,
    "content_type": 8,
    "object_id": "4",
    "object_repr": "iClicker",
    "action_flag": 2,
    "change_message": "[{\"changed\": {\"fields\": [\"first_name\"]}}]"
  }
}, {
  "model": "admin.logentry",
  "pk": 47,
  "fields": {
    "action_time": "2019-09-24T23:51:38.966Z",
    "user": 13,
    "content_type": 8,
    "object_id": "5",
    "object_repr": "Toilet Paper",
    "action_flag": 2,
    "change_message": "[{\"changed\": {\"fields\": [\"first_name\", \"subcategory\"]}}]"
  }
}, {
  "model": "admin.logentry",
  "pk": 48,
  "fields": {
    "action_time": "2019-09-24T23:51:49.175Z",
    "user": 13,
    "content_type": 8,
    "object_id": "6",
    "object_repr": "Django 123",
    "action_flag": 2,
    "change_message": "[{\"changed\": {\"fields\": [\"subcategory\"]}}]"
  }
}, {
  "model": "admin.logentry",
  "pk": 49,
  "fields": {
    "action_time": "2019-10-03T01:09:31.410Z",
    "user": 13,
    "content_type": 8,
    "object_id": "9",
    "object_repr": "abc",
    "action_flag": 3,
    "change_message": ""
  }
}, {
  "model": "admin.logentry",
  "pk": 50,
  "fields": {
    "action_time": "2019-10-03T01:09:31.427Z",
    "user": 13,
    "content_type": 8,
    "object_id": "8",
    "object_repr": "A large book",
    "action_flag": 3,
    "change_message": ""
  }
}, {
  "model": "admin.logentry",
  "pk": 51,
  "fields": {
    "action_time": "2019-10-03T01:09:31.441Z",
    "user": 13,
    "content_type": 8,
    "object_id": "7",
    "object_repr": "Testing",
    "action_flag": 3,
    "change_message": ""
  }
}, {
  "model": "admin.logentry",
  "pk": 52,
  "fields": {
    "action_time": "2019-10-03T01:09:31.456Z",
    "user": 13,
    "content_type": 8,
    "object_id": "6",
    "object_repr": "Django 123",
    "action_flag": 3,
    "change_message": ""
  }
}, {
  "model": "admin.logentry",
  "pk": 53,
  "fields": {
    "action_time": "2019-10-03T01:09:31.470Z",
    "user": 13,
    "content_type": 8,
    "object_id": "5",
    "object_repr": "Toilet Paper",
    "action_flag": 3,
    "change_message": ""
  }
}, {
  "model": "admin.logentry",
  "pk": 54,
  "fields": {
    "action_time": "2019-10-30T01:24:20.764Z",
    "user": 13,
    "content_type": 4,
    "object_id": "12",
    "object_repr": "cjvidro",
    "action_flag": 3,
    "change_message": ""
  }
}, {
  "model": "admin.logentry",
  "pk": 55,
  "fields": {
    "action_time": "2019-10-30T01:52:45.544Z",
    "user": 13,
    "content_type": 4,
    "object_id": "15",
    "object_repr": "cjvidro",
    "action_flag": 3,
    "change_message": ""
  }
}, {
  "model": "admin.logentry",
  "pk": 56,
  "fields": {
    "action_time": "2019-10-30T02:24:19.870Z",
    "user": 13,
    "content_type": 4,
    "object_id": "16",
    "object_repr": "cjvidro",
    "action_flag": 3,
    "change_message": ""
  }
}, {
  "model": "admin.logentry",
  "pk": 57,
  "fields": {
    "action_time": "2019-10-30T02:39:33.714Z",
    "user": 13,
    "content_type": 4,
    "object_id": "17",
    "object_repr": "cjvidro",
    "action_flag": 3,
    "change_message": ""
  }
}, {
  "model": "admin.logentry",
  "pk": 58,
  "fields": {
    "action_time": "2019-11-04T15:22:20.139Z",
    "user": 13,
    "content_type": 4,
    "object_id": "8",
    "object_repr": "Alisha",
    "action_flag": 3,
    "change_message": ""
  }
}, {
  "model": "admin.logentry",
  "pk": 59,
  "fields": {
    "action_time": "2019-11-04T15:22:20.154Z",
    "user": 13,
    "content_type": 4,
    "object_id": "6",
    "object_repr": "Chris",
    "action_flag": 3,
    "change_message": ""
  }
}, {
  "model": "admin.logentry",
  "pk": 60,
  "fields": {
    "action_time": "2019-11-04T15:22:20.168Z",
    "user": 13,
    "content_type": 4,
    "object_id": "4",
    "object_repr": "Emily",
    "action_flag": 3,
    "change_message": ""
  }
}, {
  "model": "admin.logentry",
  "pk": 61,
  "fields": {
    "action_time": "2019-11-04T15:22:20.182Z",
    "user": 13,
    "content_type": 4,
    "object_id": "5",
    "object_repr": "Ethan",
    "action_flag": 3,
    "change_message": ""
  }
}, {
  "model": "admin.logentry",
  "pk": 62,
  "fields": {
    "action_time": "2019-11-04T15:22:20.198Z",
    "user": 13,
    "content_type": 4,
    "object_id": "9",
    "object_repr": "Hunter",
    "action_flag": 3,
    "change_message": ""
  }
}, {
  "model": "admin.logentry",
  "pk": 63,
  "fields": {
    "action_time": "2019-11-04T15:22:20.212Z",
    "user": 13,
    "content_type": 4,
    "object_id": "3",
    "object_repr": "Jesse",
    "action_flag": 3,
    "change_message": ""
  }
}, {
  "model": "admin.logentry",
  "pk": 64,
  "fields": {
    "action_time": "2019-11-04T15:22:20.226Z",
    "user": 13,
    "content_type": 4,
    "object_id": "7",
    "object_repr": "Julianna",
    "action_flag": 3,
    "change_message": ""
  }
}, {
  "model": "admin.logentry",
  "pk": 65,
  "fields": {
    "action_time": "2019-11-04T15:22:20.241Z",
    "user": 13,
    "content_type": 4,
    "object_id": "18",
    "object_repr": "cjvidro",
    "action_flag": 3,
    "change_message": ""
  }
}, {
  "model": "admin.logentry",
  "pk": 66,
  "fields": {
    "action_time": "2019-11-04T15:22:20.256Z",
    "user": 13,
    "content_type": 4,
    "object_id": "2",
    "object_repr": "dadmin",
    "action_flag": 3,
    "change_message": ""
  }
}, {
  "model": "admin.logentry",
  "pk": 67,
  "fields": {
    "action_time": "2019-11-04T15:22:20.271Z",
    "user": 13,
    "content_type": 4,
    "object_id": "11",
    "object_repr": "eamatzdo",
    "action_flag": 3,
    "change_message": ""
  }
}, {
  "model": "admin.logentry",
  "pk": 68,
  "fields": {
    "action_time": "2019-11-04T15:22:20.286Z",
    "user": 13,
    "content_type": 4,
    "object_id": "10",
    "object_repr": "etekmusic4",
    "action_flag": 3,
    "change_message": ""
  }
}, {
  "model": "admin.logentry",
  "pk": 69,
  "fields": {
    "action_time": "2019-11-04T15:22:20.300Z",
    "user": 13,
    "content_type": 4,
    "object_id": "14",
    "object_repr": "the1kwa1jsucsh",
    "action_flag": 3,
    "change_message": ""
  }
}, {
  "model": "admin.logentry",
  "pk": 70,
  "fields": {
    "action_time": "2019-11-04T15:22:40.840Z",
    "user": 13,
    "content_type": 4,
    "object_id": "8",
    "object_repr": "Alisha",
    "action_flag": 3,
    "change_message": ""
  }
}, {
  "model": "admin.logentry",
  "pk": 71,
  "fields": {
    "action_time": "2019-11-04T15:22:45.151Z",
    "user": 13,
    "content_type": 4,
    "object_id": "6",
    "object_repr": "Chris",
    "action_flag": 3,
    "change_message": ""
  }
}, {
  "model": "admin.logentry",
  "pk": 72,
  "fields": {
    "action_time": "2019-11-04T15:22:50.806Z",
    "user": 13,
    "content_type": 4,
    "object_id": "4",
    "object_repr": "Emily",
    "action_flag": 3,
    "change_message": ""
  }
}, {
  "model": "admin.logentry",
  "pk": 73,
  "fields": {
    "action_time": "2019-11-04T15:22:56.081Z",
    "user": 13,
    "content_type": 4,
    "object_id": "5",
    "object_repr": "Ethan",
    "action_flag": 3,
    "change_message": ""
  }
}, {
  "model": "admin.logentry",
  "pk": 74,
  "fields": {
    "action_time": "2019-11-04T15:22:59.571Z",
    "user": 13,
    "content_type": 4,
    "object_id": "9",
    "object_repr": "Hunter",
    "action_flag": 3,
    "change_message": ""
  }
}, {
  "model": "admin.logentry",
  "pk": 75,
  "fields": {
    "action_time": "2019-11-04T15:23:15.088Z",
    "user": 13,
    "content_type": 4,
    "object_id": "3",
    "object_repr": "Jesse",
    "action_flag": 3,
    "change_message": ""
  }
}, {
  "model": "admin.logentry",
  "pk": 76,
  "fields": {
    "action_time": "2019-11-04T15:23:28.728Z",
    "user": 13,
    "content_type": 4,
    "object_id": "7",
    "object_repr": "Julianna",
    "action_flag": 3,
    "change_message": ""
  }
}, {
  "model": "admin.logentry",
  "pk": 77,
  "fields": {
    "action_time": "2019-11-04T15:23:38.002Z",
    "user": 13,
    "content_type": 4,
    "object_id": "2",
    "object_repr": "dadmin",
    "action_flag": 3,
    "change_message": ""
  }
}, {
  "model": "admin.logentry",
  "pk": 78,
  "fields": {
    "action_time": "2019-11-04T15:25:14.404Z",
    "user": 13,
    "content_type": 4,
    "object_id": "11",
    "object_repr": "eamatzdo",
    "action_flag": 3,
    "change_message": ""
  }
}, {
  "model": "admin.logentry",
  "pk": 79,
  "fields": {
    "action_time": "2019-11-04T15:25:20.449Z",
    "user": 13,
    "content_type": 4,
    "object_id": "10",
    "object_repr": "etekmusic4",
    "action_flag": 3,
    "change_message": ""
  }
}, {
  "model": "admin.logentry",
  "pk": 80,
  "fields": {
    "action_time": "2019-11-04T15:25:27.662Z",
    "user": 13,
    "content_type": 4,
    "object_id": "14",
    "object_repr": "the1kwa1jsucsh",
    "action_flag": 3,
    "change_message": ""
  }
}, {
  "model": "admin.logentry",
  "pk": 81,
  "fields": {
    "action_time": "2019-11-04T15:25:39.163Z",
    "user": 13,
    "content_type": 4,
    "object_id": "3",
    "object_repr": "Jesse",
    "action_flag": 3,
    "change_message": ""
  }
}, {
  "model": "admin.logentry",
  "pk": 82,
  "fields": {
    "action_time": "2019-11-04T15:33:11.937Z",
    "user": 13,
    "content_type": 4,
    "object_id": "18",
    "object_repr": "cjvidro",
    "action_flag": 2,
    "change_message": "[{\"changed\": {\"name\": \"user_profile\", \"object\": \"user_profile object (3)\", \"fields\": [\"preferred_name\"]}}]"
  }
}, {
  "model": "admin.logentry",
  "pk": 83,
  "fields": {
    "action_time": "2020-02-16T20:44:24.740Z",
    "user": 13,
    "content_type": 9,
    "object_id": "6",
    "object_repr": "Miscellaneous",
    "action_flag": 1,
    "change_message": "[{\"added\": {}}]"
  }
}, {
  "model": "admin.logentry",
  "pk": 84,
  "fields": {
    "action_time": "2020-02-17T19:52:03.556Z",
    "user": 13,
    "content_type": 21,
    "object_id": "1",
    "object_repr": "Leaving From Tech",
    "action_flag": 1,
    "change_message": "[{\"added\": {}}]"
  }
}, {
  "model": "admin.logentry",
  "pk": 85,
  "fields": {
    "action_time": "2020-02-17T19:52:10.903Z",
    "user": 13,
    "content_type": 21,
    "object_id": "2",
    "object_repr": "Going to Tech",
    "action_flag": 1,
    "change_message": "[{\"added\": {}}]"
  }
}, {
  "model": "admin.logentry",
  "pk": 86,
  "fields": {
    "action_time": "2020-02-17T19:52:18.377Z",
    "user": 13,
    "content_type": 21,
    "object_id": "3",
    "object_repr": "Round Trip",
    "action_flag": 1,
    "change_message": "[{\"added\": {}}]"
  }
}, {
  "model": "admin.logentry",
  "pk": 87,
  "fields": {
    "action_time": "2020-02-17T19:52:23.351Z",
    "user": 13,
    "content_type": 21,
    "object_id": "4",
    "object_repr": "Thanksgiving Break",
    "action_flag": 1,
    "change_message": "[{\"added\": {}}]"
  }
}, {
  "model": "admin.logentry",
  "pk": 88,
  "fields": {
    "action_time": "2020-02-17T19:52:27.893Z",
    "user": 13,
    "content_type": 21,
    "object_id": "5",
    "object_repr": "Christmas Break",
    "action_flag": 1,
    "change_message": "[{\"added\": {}}]"
  }
}, {
  "model": "admin.logentry",
  "pk": 89,
  "fields": {
    "action_time": "2020-02-17T19:52:34.159Z",
    "user": 13,
    "content_type": 21,
    "object_id": "6",
    "object_repr": "Spring Break",
    "action_flag": 1,
    "change_message": "[{\"added\": {}}]"
  }
}, {
  "model": "admin.logentry",
  "pk": 90,
  "fields": {
    "action_time": "2020-02-17T19:54:06.750Z",
    "user": 13,
    "content_type": 4,
    "object_id": "13",
    "object_repr": "vidroc18",
    "action_flag": 2,
    "change_message": "[{\"added\": {\"name\": \"user_profile\", \"object\": \"user_profile object (4)\"}}]"
  }
}, {
  "model": "admin.logentry",
  "pk": 91,
  "fields": {
    "action_time": "2020-02-17T20:00:22.095Z",
    "user": 13,
    "content_type": 21,
    "object_id": "3",
    "object_repr": "Round Trip",
    "action_flag": 3,
    "change_message": ""
  }
}, {
  "model": "admin.logentry",
  "pk": 92,
  "fields": {
    "action_time": "2020-02-17T20:00:30.049Z",
    "user": 13,
    "content_type": 21,
    "object_id": "2",
    "object_repr": "Going to Tech",
    "action_flag": 3,
    "change_message": ""
  }
}, {
  "model": "admin.logentry",
  "pk": 93,
  "fields": {
    "action_time": "2020-02-17T20:00:30.065Z",
    "user": 13,
    "content_type": 21,
    "object_id": "1",
    "object_repr": "Leaving From Tech",
    "action_flag": 3,
    "change_message": ""
  }
}, {
  "model": "admin.logentry",
  "pk": 94,
  "fields": {
    "action_time": "2020-02-18T02:06:02.147Z",
    "user": 19,
    "content_type": 8,
    "object_id": "4",
    "object_repr": "iClicker",
    "action_flag": 3,
    "change_message": ""
  }
}, {
  "model": "admin.logentry",
  "pk": 95,
  "fields": {
    "action_time": "2020-02-18T02:06:02.150Z",
    "user": 19,
    "content_type": 8,
    "object_id": "3",
    "object_repr": "Comfy Sofa",
    "action_flag": 3,
    "change_message": ""
  }
}, {
  "model": "admin.logentry",
  "pk": 96,
  "fields": {
    "action_time": "2020-02-18T02:06:02.151Z",
    "user": 19,
    "content_type": 8,
    "object_id": "2",
    "object_repr": "Java 8 Fundamentals",
    "action_flag": 3,
    "change_message": ""
  }
}, {
  "model": "admin.logentry",
  "pk": 97,
  "fields": {
    "action_time": "2020-02-18T02:06:02.152Z",
    "user": 19,
    "content_type": 8,
    "object_id": "1",
    "object_repr": "Pre-Calc",
    "action_flag": 3,
    "change_message": ""
  }
}, {
  "model": "admin.logentry",
  "pk": 98,
  "fields": {
    "action_time": "2020-02-18T02:07:32.509Z",
    "user": 19,
    "content_type": 4,
    "object_id": "3",
    "object_repr": "Jesse",
    "action_flag": 3,
    "change_message": ""
  }
}, {
  "model": "admin.logentry",
  "pk": 99,
  "fields": {
    "action_time": "2020-02-18T02:07:58.521Z",
    "user": 19,
    "content_type": 4,
    "object_id": "3",
    "object_repr": "Jesse",
    "action_flag": 3,
    "change_message": ""
  }
}, {
  "model": "admin.logentry",
  "pk": 100,
  "fields": {
    "action_time": "2020-02-18T02:08:43.424Z",
    "user": 19,
    "content_type": 4,
    "object_id": "20",
    "object_repr": "eamatzdo",
    "action_flag": 2,
    "change_message": "[{\"changed\": {\"fields\": [\"is_staff\"]}}]"
  }
}, {
  "model": "admin.logentry",
  "pk": 101,
  "fields": {
    "action_time": "2020-02-18T02:09:00.847Z",
    "user": 19,
    "content_type": 4,
    "object_id": "19",
    "object_repr": "ethan_root",
    "action_flag": 2,
    "change_message": "[{\"changed\": {\"fields\": [\"username\"]}}]"
  }
}, {
  "model": "admin.logentry",
  "pk": 102,
  "fields": {
    "action_time": "2020-02-18T02:09:23.157Z",
    "user": 19,
    "content_type": 4,
    "object_id": "3",
    "object_repr": "Jesse",
    "action_flag": 2,
    "change_message": "[{\"changed\": {\"fields\": [\"is_superuser\"]}}]"
  }
}, {
  "model": "admin.logentry",
  "pk": 103,
  "fields": {
    "action_time": "2020-02-18T02:09:30.138Z",
    "user": 19,
    "content_type": 4,
    "object_id": "3",
    "object_repr": "Jesse",
    "action_flag": 2,
    "change_message": "[{\"changed\": {\"fields\": [\"is_staff\"]}}]"
  }
}, {
  "model": "admin.logentry",
  "pk": 104,
  "fields": {
    "action_time": "2020-02-18T02:09:35.618Z",
    "user": 19,
    "content_type": 4,
    "object_id": "3",
    "object_repr": "Jesse",
    "action_flag": 3,
    "change_message": ""
  }
}, {
  "model": "admin.logentry",
  "pk": 105,
  "fields": {
    "action_time": "2020-02-18T02:09:57.871Z",
    "user": 19,
    "content_type": 4,
    "object_id": "3",
    "object_repr": "Jesse_legacy",
    "action_flag": 2,
    "change_message": "[{\"changed\": {\"fields\": [\"username\", \"is_active\"]}}]"
  }
}, {
  "model": "admin.logentry",
  "pk": 106,
  "fields": {
    "action_time": "2020-02-18T02:14:33.626Z",
    "user": 19,
    "content_type": 3,
    "object_id": "2",
    "object_repr": "Moderator",
    "action_flag": 1,
    "change_message": "[{\"added\": {}}]"
  }
}, {
  "model": "admin.logentry",
  "pk": 107,
  "fields": {
    "action_time": "2020-02-18T02:15:00.309Z",
    "user": 19,
    "content_type": 4,
    "object_id": "20",
    "object_repr": "eamatzdo",
    "action_flag": 2,
    "change_message": "[{\"changed\": {\"fields\": [\"groups\"]}}]"
  }
}, {
  "model": "admin.logentry",
  "pk": 108,
  "fields": {
    "action_time": "2020-02-18T02:16:58.018Z",
    "user": 19,
    "content_type": 3,
    "object_id": "2",
    "object_repr": "Moderator",
    "action_flag": 2,
    "change_message": "[{\"changed\": {\"fields\": [\"permissions\"]}}]"
  }
}, {
  "model": "admin.logentry",
  "pk": 109,
  "fields": {
    "action_time": "2020-02-26T23:41:00.270Z",
    "user": 13,
    "content_type": 21,
    "object_id": "7",
    "object_repr": "Other",
    "action_flag": 1,
    "change_message": "[{\"added\": {}}]"
  }
}, {
  "model": "admin.logentry",
  "pk": 110,
  "fields": {
    "action_time": "2020-02-26T23:49:56.768Z",
    "user": 13,
    "content_type": 20,
    "object_id": "14",
    "object_repr": "Houghton",
    "action_flag": 3,
    "change_message": ""
  }
}, {
  "model": "admin.logentry",
  "pk": 111,
  "fields": {
    "action_time": "2020-02-26T23:51:09.847Z",
    "user": 13,
    "content_type": 4,
    "object_id": "21",
    "object_repr": "sjvander",
    "action_flag": 3,
    "change_message": ""
  }
}, {
  "model": "admin.logentry",
  "pk": 112,
  "fields": {
    "action_time": "2020-03-01T17:55:35.787Z",
    "user": 13,
    "content_type": 20,
    "object_id": "3",
    "object_repr": "Detroit",
    "action_flag": 2,
    "change_message": "[{\"changed\": {\"fields\": [\"archived\"]}}]"
  }
}, {
  "model": "admin.logentry",
  "pk": 113,
  "fields": {
    "action_time": "2020-03-01T18:14:20.943Z",
    "user": 13,
    "content_type": 20,
    "object_id": "2",
    "object_repr": "Gaylord",
    "action_flag": 2,
    "change_message": "[{\"changed\": {\"fields\": [\"archived\"]}}]"
  }
}, {
  "model": "admin.logentry",
  "pk": 114,
  "fields": {
    "action_time": "2020-03-01T18:14:42.285Z",
    "user": 13,
    "content_type": 20,
    "object_id": "1",
    "object_repr": "St. Igance",
    "action_flag": 2,
    "change_message": "[{\"changed\": {\"fields\": [\"archived\"]}}]"
  }
}, {
  "model": "admin.logentry",
  "pk": 115,
  "fields": {
    "action_time": "2020-03-01T18:14:46.761Z",
    "user": 13,
    "content_type": 20,
    "object_id": "3",
    "object_repr": "Detroit",
    "action_flag": 2,
    "change_message": "[{\"changed\": {\"fields\": [\"archived\"]}}]"
  }
}, {
  "model": "admin.logentry",
  "pk": 116,
  "fields": {
    "action_time": "2020-03-01T18:36:37.912Z",
    "user": 13,
    "content_type": 20,
    "object_id": "1",
    "object_repr": "St. Igance",
    "action_flag": 2,
    "change_message": "[{\"changed\": {\"fields\": [\"archived\"]}}]"
  }
}, {
  "model": "admin.logentry",
  "pk": 117,
  "fields": {
    "action_time": "2020-03-01T18:37:25.618Z",
    "user": 13,
    "content_type": 20,
    "object_id": "1",
    "object_repr": "St. Igance",
    "action_flag": 2,
    "change_message": "[{\"changed\": {\"fields\": [\"archived\"]}}]"
  }
}, {
  "model": "admin.logentry",
  "pk": 118,
  "fields": {
    "action_time": "2020-03-01T18:39:50.525Z",
    "user": 13,
    "content_type": 20,
    "object_id": "1",
    "object_repr": "St. Igance",
    "action_flag": 2,
    "change_message": "[{\"changed\": {\"fields\": [\"archived\"]}}]"
  }
}, {
  "model": "auth.permission",
  "pk": 1,
  "fields": {
    "name": "Can add log entry",
    "content_type": 1,
    "codename": "add_logentry"
  }
}, {
  "model": "auth.permission",
  "pk": 2,
  "fields": {
    "name": "Can change log entry",
    "content_type": 1,
    "codename": "change_logentry"
  }
}, {
  "model": "auth.permission",
  "pk": 3,
  "fields": {
    "name": "Can delete log entry",
    "content_type": 1,
    "codename": "delete_logentry"
  }
}, {
  "model": "auth.permission",
  "pk": 4,
  "fields": {
    "name": "Can view log entry",
    "content_type": 1,
    "codename": "view_logentry"
  }
}, {
  "model": "auth.permission",
  "pk": 5,
  "fields": {
    "name": "Can add permission",
    "content_type": 2,
    "codename": "add_permission"
  }
}, {
  "model": "auth.permission",
  "pk": 6,
  "fields": {
    "name": "Can change permission",
    "content_type": 2,
    "codename": "change_permission"
  }
}, {
  "model": "auth.permission",
  "pk": 7,
  "fields": {
    "name": "Can delete permission",
    "content_type": 2,
    "codename": "delete_permission"
  }
}, {
  "model": "auth.permission",
  "pk": 8,
  "fields": {
    "name": "Can view permission",
    "content_type": 2,
    "codename": "view_permission"
  }
}, {
  "model": "auth.permission",
  "pk": 9,
  "fields": {
    "name": "Can add group",
    "content_type": 3,
    "codename": "add_group"
  }
}, {
  "model": "auth.permission",
  "pk": 10,
  "fields": {
    "name": "Can change group",
    "content_type": 3,
    "codename": "change_group"
  }
}, {
  "model": "auth.permission",
  "pk": 11,
  "fields": {
    "name": "Can delete group",
    "content_type": 3,
    "codename": "delete_group"
  }
}, {
  "model": "auth.permission",
  "pk": 12,
  "fields": {
    "name": "Can view group",
    "content_type": 3,
    "codename": "view_group"
  }
}, {
  "model": "auth.permission",
  "pk": 13,
  "fields": {
    "name": "Can add user",
    "content_type": 4,
    "codename": "add_user"
  }
}, {
  "model": "auth.permission",
  "pk": 14,
  "fields": {
    "name": "Can change user",
    "content_type": 4,
    "codename": "change_user"
  }
}, {
  "model": "auth.permission",
  "pk": 15,
  "fields": {
    "name": "Can delete user",
    "content_type": 4,
    "codename": "delete_user"
  }
}, {
  "model": "auth.permission",
  "pk": 16,
  "fields": {
    "name": "Can view user",
    "content_type": 4,
    "codename": "view_user"
  }
}, {
  "model": "auth.permission",
  "pk": 17,
  "fields": {
    "name": "Can add content type",
    "content_type": 5,
    "codename": "add_contenttype"
  }
}, {
  "model": "auth.permission",
  "pk": 18,
  "fields": {
    "name": "Can change content type",
    "content_type": 5,
    "codename": "change_contenttype"
  }
}, {
  "model": "auth.permission",
  "pk": 19,
  "fields": {
    "name": "Can delete content type",
    "content_type": 5,
    "codename": "delete_contenttype"
  }
}, {
  "model": "auth.permission",
  "pk": 20,
  "fields": {
    "name": "Can view content type",
    "content_type": 5,
    "codename": "view_contenttype"
  }
}, {
  "model": "auth.permission",
  "pk": 21,
  "fields": {
    "name": "Can add session",
    "content_type": 6,
    "codename": "add_session"
  }
}, {
  "model": "auth.permission",
  "pk": 22,
  "fields": {
    "name": "Can change session",
    "content_type": 6,
    "codename": "change_session"
  }
}, {
  "model": "auth.permission",
  "pk": 23,
  "fields": {
    "name": "Can delete session",
    "content_type": 6,
    "codename": "delete_session"
  }
}, {
  "model": "auth.permission",
  "pk": 24,
  "fields": {
    "name": "Can view session",
    "content_type": 6,
    "codename": "view_session"
  }
}, {
  "model": "auth.permission",
  "pk": 25,
  "fields": {
    "name": "Can add account",
    "content_type": 7,
    "codename": "add_account"
  }
}, {
  "model": "auth.permission",
  "pk": 26,
  "fields": {
    "name": "Can change account",
    "content_type": 7,
    "codename": "change_account"
  }
}, {
  "model": "auth.permission",
  "pk": 27,
  "fields": {
    "name": "Can delete account",
    "content_type": 7,
    "codename": "delete_account"
  }
}, {
  "model": "auth.permission",
  "pk": 28,
  "fields": {
    "name": "Can view account",
    "content_type": 7,
    "codename": "view_account"
  }
}, {
  "model": "auth.permission",
  "pk": 29,
  "fields": {
    "name": "Can add catalog item",
    "content_type": 8,
    "codename": "add_catalogitem"
  }
}, {
  "model": "auth.permission",
  "pk": 30,
  "fields": {
    "name": "Can change catalog item",
    "content_type": 8,
    "codename": "change_catalogitem"
  }
}, {
  "model": "auth.permission",
  "pk": 31,
  "fields": {
    "name": "Can delete catalog item",
    "content_type": 8,
    "codename": "delete_catalogitem"
  }
}, {
  "model": "auth.permission",
  "pk": 32,
  "fields": {
    "name": "Can view catalog item",
    "content_type": 8,
    "codename": "view_catalogitem"
  }
}, {
  "model": "auth.permission",
  "pk": 33,
  "fields": {
    "name": "Can add category",
    "content_type": 9,
    "codename": "add_category"
  }
}, {
  "model": "auth.permission",
  "pk": 34,
  "fields": {
    "name": "Can change category",
    "content_type": 9,
    "codename": "change_category"
  }
}, {
  "model": "auth.permission",
  "pk": 35,
  "fields": {
    "name": "Can delete category",
    "content_type": 9,
    "codename": "delete_category"
  }
}, {
  "model": "auth.permission",
  "pk": 36,
  "fields": {
    "name": "Can view category",
    "content_type": 9,
    "codename": "view_category"
  }
}, {
  "model": "auth.permission",
  "pk": 37,
  "fields": {
    "name": "Can add sub category",
    "content_type": 10,
    "codename": "add_subcategory"
  }
}, {
  "model": "auth.permission",
  "pk": 38,
  "fields": {
    "name": "Can change sub category",
    "content_type": 10,
    "codename": "change_subcategory"
  }
}, {
  "model": "auth.permission",
  "pk": 39,
  "fields": {
    "name": "Can delete sub category",
    "content_type": 10,
    "codename": "delete_subcategory"
  }
}, {
  "model": "auth.permission",
  "pk": 40,
  "fields": {
    "name": "Can view sub category",
    "content_type": 10,
    "codename": "view_subcategory"
  }
}, {
  "model": "auth.permission",
  "pk": 41,
  "fields": {
    "name": "Can add question",
    "content_type": 11,
    "codename": "add_question"
  }
}, {
  "model": "auth.permission",
  "pk": 42,
  "fields": {
    "name": "Can change question",
    "content_type": 11,
    "codename": "change_question"
  }
}, {
  "model": "auth.permission",
  "pk": 43,
  "fields": {
    "name": "Can delete question",
    "content_type": 11,
    "codename": "delete_question"
  }
}, {
  "model": "auth.permission",
  "pk": 44,
  "fields": {
    "name": "Can view question",
    "content_type": 11,
    "codename": "view_question"
  }
}, {
  "model": "auth.permission",
  "pk": 45,
  "fields": {
    "name": "Can add choice",
    "content_type": 12,
    "codename": "add_choice"
  }
}, {
  "model": "auth.permission",
  "pk": 46,
  "fields": {
    "name": "Can change choice",
    "content_type": 12,
    "codename": "change_choice"
  }
}, {
  "model": "auth.permission",
  "pk": 47,
  "fields": {
    "name": "Can delete choice",
    "content_type": 12,
    "codename": "delete_choice"
  }
}, {
  "model": "auth.permission",
  "pk": 48,
  "fields": {
    "name": "Can view choice",
    "content_type": 12,
    "codename": "view_choice"
  }
}, {
  "model": "auth.permission",
  "pk": 49,
  "fields": {
    "name": "Can add association",
    "content_type": 13,
    "codename": "add_association"
  }
}, {
  "model": "auth.permission",
  "pk": 50,
  "fields": {
    "name": "Can change association",
    "content_type": 13,
    "codename": "change_association"
  }
}, {
  "model": "auth.permission",
  "pk": 51,
  "fields": {
    "name": "Can delete association",
    "content_type": 13,
    "codename": "delete_association"
  }
}, {
  "model": "auth.permission",
  "pk": 52,
  "fields": {
    "name": "Can view association",
    "content_type": 13,
    "codename": "view_association"
  }
}, {
  "model": "auth.permission",
  "pk": 53,
  "fields": {
    "name": "Can add code",
    "content_type": 14,
    "codename": "add_code"
  }
}, {
  "model": "auth.permission",
  "pk": 54,
  "fields": {
    "name": "Can change code",
    "content_type": 14,
    "codename": "change_code"
  }
}, {
  "model": "auth.permission",
  "pk": 55,
  "fields": {
    "name": "Can delete code",
    "content_type": 14,
    "codename": "delete_code"
  }
}, {
  "model": "auth.permission",
  "pk": 56,
  "fields": {
    "name": "Can view code",
    "content_type": 14,
    "codename": "view_code"
  }
}, {
  "model": "auth.permission",
  "pk": 57,
  "fields": {
    "name": "Can add nonce",
    "content_type": 15,
    "codename": "add_nonce"
  }
}, {
  "model": "auth.permission",
  "pk": 58,
  "fields": {
    "name": "Can change nonce",
    "content_type": 15,
    "codename": "change_nonce"
  }
}, {
  "model": "auth.permission",
  "pk": 59,
  "fields": {
    "name": "Can delete nonce",
    "content_type": 15,
    "codename": "delete_nonce"
  }
}, {
  "model": "auth.permission",
  "pk": 60,
  "fields": {
    "name": "Can view nonce",
    "content_type": 15,
    "codename": "view_nonce"
  }
}, {
  "model": "auth.permission",
  "pk": 61,
  "fields": {
    "name": "Can add user social auth",
    "content_type": 16,
    "codename": "add_usersocialauth"
  }
}, {
  "model": "auth.permission",
  "pk": 62,
  "fields": {
    "name": "Can change user social auth",
    "content_type": 16,
    "codename": "change_usersocialauth"
  }
}, {
  "model": "auth.permission",
  "pk": 63,
  "fields": {
    "name": "Can delete user social auth",
    "content_type": 16,
    "codename": "delete_usersocialauth"
  }
}, {
  "model": "auth.permission",
  "pk": 64,
  "fields": {
    "name": "Can view user social auth",
    "content_type": 16,
    "codename": "view_usersocialauth"
  }
}, {
  "model": "auth.permission",
  "pk": 65,
  "fields": {
    "name": "Can add partial",
    "content_type": 17,
    "codename": "add_partial"
  }
}, {
  "model": "auth.permission",
  "pk": 66,
  "fields": {
    "name": "Can change partial",
    "content_type": 17,
    "codename": "change_partial"
  }
}, {
  "model": "auth.permission",
  "pk": 67,
  "fields": {
    "name": "Can delete partial",
    "content_type": 17,
    "codename": "delete_partial"
  }
}, {
  "model": "auth.permission",
  "pk": 68,
  "fields": {
    "name": "Can view partial",
    "content_type": 17,
    "codename": "view_partial"
  }
}, {
  "model": "auth.permission",
  "pk": 69,
  "fields": {
    "name": "Can add test",
    "content_type": 18,
    "codename": "add_test"
  }
}, {
  "model": "auth.permission",
  "pk": 70,
  "fields": {
    "name": "Can change test",
    "content_type": 18,
    "codename": "change_test"
  }
}, {
  "model": "auth.permission",
  "pk": 71,
  "fields": {
    "name": "Can delete test",
    "content_type": 18,
    "codename": "delete_test"
  }
}, {
  "model": "auth.permission",
  "pk": 72,
  "fields": {
    "name": "Can view test",
    "content_type": 18,
    "codename": "view_test"
  }
}, {
  "model": "auth.permission",
  "pk": 73,
  "fields": {
    "name": "Can add user_profile",
    "content_type": 19,
    "codename": "add_user_profile"
  }
}, {
  "model": "auth.permission",
  "pk": 74,
  "fields": {
    "name": "Can change user_profile",
    "content_type": 19,
    "codename": "change_user_profile"
  }
}, {
  "model": "auth.permission",
  "pk": 75,
  "fields": {
    "name": "Can delete user_profile",
    "content_type": 19,
    "codename": "delete_user_profile"
  }
}, {
  "model": "auth.permission",
  "pk": 76,
  "fields": {
    "name": "Can view user_profile",
    "content_type": 19,
    "codename": "view_user_profile"
  }
}, {
  "model": "auth.permission",
  "pk": 77,
  "fields": {
    "name": "Can add ride item",
    "content_type": 20,
    "codename": "add_rideitem"
  }
}, {
  "model": "auth.permission",
  "pk": 78,
  "fields": {
    "name": "Can change ride item",
    "content_type": 20,
    "codename": "change_rideitem"
  }
}, {
  "model": "auth.permission",
  "pk": 79,
  "fields": {
    "name": "Can delete ride item",
    "content_type": 20,
    "codename": "delete_rideitem"
  }
}, {
  "model": "auth.permission",
  "pk": 80,
  "fields": {
    "name": "Can view ride item",
    "content_type": 20,
    "codename": "view_rideitem"
  }
}, {
  "model": "auth.permission",
  "pk": 81,
  "fields": {
    "name": "Can add ride category",
    "content_type": 21,
    "codename": "add_ridecategory"
  }
}, {
  "model": "auth.permission",
  "pk": 82,
  "fields": {
    "name": "Can change ride category",
    "content_type": 21,
    "codename": "change_ridecategory"
  }
}, {
  "model": "auth.permission",
  "pk": 83,
  "fields": {
    "name": "Can delete ride category",
    "content_type": 21,
    "codename": "delete_ridecategory"
  }
}, {
  "model": "auth.permission",
  "pk": 84,
  "fields": {
    "name": "Can view ride category",
    "content_type": 21,
    "codename": "view_ridecategory"
  }
}, {
  "model": "auth.permission",
  "pk": 85,
  "fields": {
    "name": "Can add cron job log",
    "content_type": 22,
    "codename": "add_cronjoblog"
  }
}, {
  "model": "auth.permission",
  "pk": 86,
  "fields": {
    "name": "Can change cron job log",
    "content_type": 22,
    "codename": "change_cronjoblog"
  }
}, {
  "model": "auth.permission",
  "pk": 87,
  "fields": {
    "name": "Can delete cron job log",
    "content_type": 22,
    "codename": "delete_cronjoblog"
  }
}, {
  "model": "auth.permission",
  "pk": 88,
  "fields": {
    "name": "Can view cron job log",
    "content_type": 22,
    "codename": "view_cronjoblog"
  }
}, {
  "model": "auth.group",
  "pk": 1,
  "fields": {
    "name": "PostableUser",
    "permissions": [29]
  }
}, {
  "model": "auth.group",
  "pk": 2,
  "fields": {
    "name": "Moderator",
    "permissions": [26, 28, 14, 16, 29, 30, 31, 32, 77, 78, 79, 80]
  }
}, {
  "model": "auth.user",
  "pk": 3,
  "fields": {
    "password": "pbkdf2_sha256$120000$ud8ODDd8zqB8$iFUg2jgxiCiSjt3GdFdFWxLWZLFPLmarLiUj61iYWSE=",
    "last_login": "2019-02-03T21:43:18Z",
    "is_superuser": false,
    "username": "Jesse_legacy",
    "first_name": "Jesse",
    "last_name": "Hassell",
    "email": "jjhassel@mtu.edu",
    "is_staff": false,
    "is_active": false,
    "date_joined": "2018-10-30T05:37:41Z",
    "groups": [],
    "user_permissions": []
  }
}, {
  "model": "auth.user",
  "pk": 13,
  "fields": {
    "password": "pbkdf2_sha256$150000$Fx9nE6RzoyPW$JwO7Qc2Qut3B5XW2XwvfUYmZmjQgSlp5Ac+p6ktAZiQ=",
    "last_login": "2020-03-17T21:53:52.613Z",
    "is_superuser": true,
    "username": "vidroc18",
    "first_name": "Charles",
    "last_name": "",
    "email": "cvidro26@gmail.com",
    "is_staff": true,
    "is_active": true,
    "date_joined": "2019-09-18T00:51:45Z",
    "groups": [],
    "user_permissions": []
  }
}, {
  "model": "auth.user",
  "pk": 18,
  "fields": {
    "password": "!Twin69u9SbNMWzYIf98r6XHX4ypYXwvpybK9qmVM",
    "last_login": "2020-03-17T21:53:27.929Z",
    "is_superuser": false,
    "username": "cjvidro",
    "first_name": "Charles",
    "last_name": "Vidro",
    "email": "cjvidro@mtu.edu",
    "is_staff": false,
    "is_active": true,
    "date_joined": "2019-10-30T02:39:37Z",
    "groups": [],
    "user_permissions": []
  }
}, {
  "model": "auth.user",
  "pk": 19,
  "fields": {
    "password": "pbkdf2_sha256$120000$FfU90MXwnz6R$YDLxmM5syfROAKLt92Ss7As97UmiYy5T78QHo7rdVKs=",
    "last_login": "2020-02-24T23:04:35.698Z",
    "is_superuser": true,
    "username": "ethan_root",
    "first_name": "",
    "last_name": "",
    "email": "eamatzdo@mtu.edu",
    "is_staff": true,
    "is_active": true,
    "date_joined": "2020-02-18T02:03:31Z",
    "groups": [],
    "user_permissions": []
  }
}, {
  "model": "auth.user",
  "pk": 20,
  "fields": {
    "password": "!hiyNTyB1mw0p2Orklygfn07yQS8nU9z4A4bVZVCD",
    "last_login": "2020-02-24T23:03:59.264Z",
    "is_superuser": false,
    "username": "eamatzdo",
    "first_name": "Ethan",
    "last_name": "Matzdorf",
    "email": "eamatzdo@mtu.edu",
    "is_staff": true,
    "is_active": true,
    "date_joined": "2020-02-18T02:08:12Z",
    "groups": [2],
    "user_permissions": []
  }
}, {
  "model": "auth.user",
  "pk": 22,
  "fields": {
    "password": "!LuA09F61a5FrjP9HW9NAkKsA04pgI3vOx4JvGmSd",
    "last_login": "2020-02-24T23:26:17.627Z",
    "is_superuser": false,
    "username": "dylinhn",
    "first_name": "Dylinh",
    "last_name": "Nguyen",
    "email": "dylinhn@mtu.edu",
    "is_staff": false,
    "is_active": true,
    "date_joined": "2020-02-24T23:26:17.523Z",
    "groups": [],
    "user_permissions": []
  }
}, {
  "model": "auth.user",
  "pk": 23,
  "fields": {
    "password": "!2Uj5RCo5cmC4M3yJfPjNoPOWnRNQtWGsPRvYeDtS",
    "last_login": "2020-09-22T14:34:32.182Z",
    "is_superuser": false,
    "username": "mtisom",
    "first_name": "Max",
    "last_name": "Isom",
    "email": "mtisom@mtu.edu",
    "is_staff": false,
    "is_active": true,
    "date_joined": "2020-09-22T14:34:32.168Z",
    "groups": [],
    "user_permissions": []
  }
}, {
  "model": "contenttypes.contenttype",
  "pk": 1,
  "fields": {
    "app_label": "admin",
    "model": "logentry"
  }
}, {
  "model": "contenttypes.contenttype",
  "pk": 2,
  "fields": {
    "app_label": "auth",
    "model": "permission"
  }
}, {
  "model": "contenttypes.contenttype",
  "pk": 3,
  "fields": {
    "app_label": "auth",
    "model": "group"
  }
}, {
  "model": "contenttypes.contenttype",
  "pk": 4,
  "fields": {
    "app_label": "auth",
    "model": "user"
  }
}, {
  "model": "contenttypes.contenttype",
  "pk": 5,
  "fields": {
    "app_label": "contenttypes",
    "model": "contenttype"
  }
}, {
  "model": "contenttypes.contenttype",
  "pk": 6,
  "fields": {
    "app_label": "sessions",
    "model": "session"
  }
}, {
  "model": "contenttypes.contenttype",
  "pk": 7,
  "fields": {
    "app_label": "accountant",
    "model": "account"
  }
}, {
  "model": "contenttypes.contenttype",
  "pk": 8,
  "fields": {
    "app_label": "catalog",
    "model": "catalogitem"
  }
}, {
  "model": "contenttypes.contenttype",
  "pk": 9,
  "fields": {
    "app_label": "catalog",
    "model": "category"
  }
}, {
  "model": "contenttypes.contenttype",
  "pk": 10,
  "fields": {
    "app_label": "catalog",
    "model": "subcategory"
  }
}, {
  "model": "contenttypes.contenttype",
  "pk": 11,
  "fields": {
    "app_label": "polls",
    "model": "question"
  }
}, {
  "model": "contenttypes.contenttype",
  "pk": 12,
  "fields": {
    "app_label": "polls",
    "model": "choice"
  }
}, {
  "model": "contenttypes.contenttype",
  "pk": 13,
  "fields": {
    "app_label": "social_django",
    "model": "association"
  }
}, {
  "model": "contenttypes.contenttype",
  "pk": 14,
  "fields": {
    "app_label": "social_django",
    "model": "code"
  }
}, {
  "model": "contenttypes.contenttype",
  "pk": 15,
  "fields": {
    "app_label": "social_django",
    "model": "nonce"
  }
}, {
  "model": "contenttypes.contenttype",
  "pk": 16,
  "fields": {
    "app_label": "social_django",
    "model": "usersocialauth"
  }
}, {
  "model": "contenttypes.contenttype",
  "pk": 17,
  "fields": {
    "app_label": "social_django",
    "model": "partial"
  }
}, {
  "model": "contenttypes.contenttype",
  "pk": 18,
  "fields": {
    "app_label": "accountant",
    "model": "test"
  }
}, {
  "model": "contenttypes.contenttype",
  "pk": 19,
  "fields": {
    "app_label": "accountant",
    "model": "user_profile"
  }
}, {
  "model": "contenttypes.contenttype",
  "pk": 20,
  "fields": {
    "app_label": "rideSharing",
    "model": "rideitem"
  }
}, {
  "model": "contenttypes.contenttype",
  "pk": 21,
  "fields": {
    "app_label": "rideSharing",
    "model": "ridecategory"
  }
}, {
  "model": "contenttypes.contenttype",
  "pk": 22,
  "fields": {
    "app_label": "django_cron",
    "model": "cronjoblog"
  }
}, {
  "model": "accountant.user_profile",
  "pk": 3,
  "fields": {
    "user": 18,
    "preferred_name": "JimmyJohn",
    "home_city": "Miami",
    "home_state": "Florida",
    "zipcode": 33010,
    "picture": "",
    "last_email": "2020-09-22T14:33:51.430Z",
    "emails_today": 0,
    "points": 0
  }
}, {
  "model": "accountant.user_profile",
  "pk": 4,
  "fields": {
    "user": 13,
    "preferred_name": "Carlito",
    "home_city": null,
    "home_state": null,
    "zipcode": null,
    "picture": "",
    "last_email": "2020-09-22T14:33:51.430Z",
    "emails_today": 0,
    "points": 0
  }
}, {
  "model": "accountant.user_profile",
  "pk": 5,
  "fields": {
    "user": 19,
    "preferred_name": null,
    "home_city": null,
    "home_state": null,
    "zipcode": null,
    "picture": "",
    "last_email": "2020-09-22T14:33:51.430Z",
    "emails_today": 0,
    "points": 0
  }
}, {
  "model": "accountant.user_profile",
  "pk": 6,
  "fields": {
    "user": 20,
    "preferred_name": null,
    "home_city": null,
    "home_state": null,
    "zipcode": null,
    "picture": "",
    "last_email": "2020-09-22T14:33:51.430Z",
    "emails_today": 0,
    "points": 0
  }
}, {
  "model": "accountant.user_profile",
  "pk": 8,
  "fields": {
    "user": 22,
    "preferred_name": null,
    "home_city": null,
    "home_state": null,
    "zipcode": null,
    "picture": "",
    "last_email": "2020-09-22T14:33:51.430Z",
    "emails_today": 0,
    "points": 0
  }
}, {
  "model": "accountant.user_profile",
  "pk": 9,
  "fields": {
    "user": 23,
    "preferred_name": null,
    "home_city": null,
    "home_state": null,
    "zipcode": null,
    "picture": "",
    "last_email": null,
    "emails_today": 0,
    "points": 0
  }
}, {
  "model": "catalog.category",
  "pk": 1,
  "fields": {
    "category_name": "Books",
    "date_created": "2018-10-30",
    "date_updated": "2018-10-30T15:59:32.943Z"
  }
}, {
  "model": "catalog.category",
  "pk": 2,
  "fields": {
    "category_name": "Household",
    "date_created": "2018-10-30",
    "date_updated": "2018-10-30T15:59:41.360Z"
  }
}, {
  "model": "catalog.category",
  "pk": 3,
  "fields": {
    "category_name": "Electronics",
    "date_created": "2018-10-30",
    "date_updated": "2018-10-30T15:59:47.586Z"
  }
}, {
  "model": "catalog.category",
  "pk": 4,
  "fields": {
    "category_name": "Sporting Goods",
    "date_created": "2018-10-30",
    "date_updated": "2018-10-30T15:59:55.401Z"
  }
}, {
  "model": "catalog.category",
  "pk": 5,
  "fields": {
    "category_name": "Educational",
    "date_created": "2018-10-30",
    "date_updated": "2018-10-30T16:06:38.338Z"
  }
}, {
  "model": "catalog.category",
  "pk": 6,
  "fields": {
    "category_name": "Miscellaneous",
    "date_created": "2020-02-16",
    "date_updated": "2020-02-16T20:44:24.738Z"
  }
}, {
  "model": "catalog.subcategory",
  "pk": 1,
  "fields": {
    "category_name": "Computer Science",
    "subcategory_of": 1,
    "date_created": "2018-10-30",
    "date_updated": "2018-10-30T16:01:05.581Z"
  }
}, {
  "model": "catalog.subcategory",
  "pk": 2,
  "fields": {
    "category_name": "Summer",
    "subcategory_of": 4,
    "date_created": "2018-10-30",
    "date_updated": "2018-10-30T16:01:15.512Z"
  }
}, {
  "model": "catalog.subcategory",
  "pk": 3,
  "fields": {
    "category_name": "Winter",
    "subcategory_of": 4,
    "date_created": "2018-10-30",
    "date_updated": "2018-10-30T16:01:22.419Z"
  }
}, {
  "model": "catalog.subcategory",
  "pk": 4,
  "fields": {
    "category_name": "Gaming",
    "subcategory_of": 3,
    "date_created": "2018-10-30",
    "date_updated": "2018-10-30T16:01:39.679Z"
  }
}, {
  "model": "catalog.subcategory",
  "pk": 5,
  "fields": {
    "category_name": "Computer",
    "subcategory_of": 3,
    "date_created": "2018-10-30",
    "date_updated": "2018-10-30T16:01:56.719Z"
  }
}, {
  "model": "catalog.subcategory",
  "pk": 6,
  "fields": {
    "category_name": "Math",
    "subcategory_of": 1,
    "date_created": "2018-10-30",
    "date_updated": "2018-10-30T16:02:17.294Z"
  }
}, {
  "model": "catalog.subcategory",
  "pk": 7,
  "fields": {
    "category_name": "Furniture",
    "subcategory_of": 2,
    "date_created": "2018-10-30",
    "date_updated": "2018-10-30T16:04:37.935Z"
  }
}, {
  "model": "catalog.subcategory",
  "pk": 8,
  "fields": {
    "category_name": "Device",
    "subcategory_of": 5,
    "date_created": "2018-10-30",
    "date_updated": "2018-10-30T16:07:11.396Z"
  }
}, {
  "model": "catalog.catalogitem",
  "pk": 12,
  "fields": {
    "username": 18,
    "category": 4,
    "date_added": "2019-11-04T15:44:11.233Z",
    "item_title": "Huskies Pep Band",
    "item_description": "Your very own huskies pep band!",
    "item_picture": "catalog/2019/11/04/IMG_1851_S4cRvMH.JPG",
    "item_price": "300.00",
    "views": 0,
    "archived": false,
    "reported": false,
    "subcategory": []
  }
}, {
  "model": "catalog.catalogitem",
  "pk": 13,
  "fields": {
    "username": 18,
    "category": 2,
    "date_added": "2019-11-04T15:45:25.462Z",
    "item_title": "Paper Towel",
    "item_description": "Gently used Paper Towel",
    "item_picture": "catalog/2019/11/04/PaperTowel.jpg",
    "item_price": "2.50",
    "views": 0,
    "archived": false,
    "reported": false,
    "subcategory": []
  }
}, {
  "model": "catalog.catalogitem",
  "pk": 14,
  "fields": {
    "username": 18,
    "category": 5,
    "date_added": "2019-11-04T15:46:16.446Z",
    "item_title": "Mechanical Pencils",
    "item_description": "Brand new, never opened",
    "item_picture": "catalog/2019/11/04/Mechanical_Pencils.jpg",
    "item_price": "8.50",
    "views": 0,
    "archived": false,
    "reported": false,
    "subcategory": []
  }
}, {
  "model": "catalog.catalogitem",
  "pk": 15,
  "fields": {
    "username": 18,
    "category": 1,
    "date_added": "2019-11-04T15:46:59.464Z",
    "item_title": "Black's law dictionary",
    "item_description": "Used",
    "item_picture": "catalog/2019/11/04/lawDict.jpg",
    "item_price": "25.00",
    "views": 0,
    "archived": false,
    "reported": false,
    "subcategory": []
  }
}, {
  "model": "catalog.catalogitem",
  "pk": 16,
  "fields": {
    "username": 18,
    "category": 3,
    "date_added": "2019-11-04T15:48:12.671Z",
    "item_title": "Playstation 1",
    "item_description": "Excellent condition. $65 OBO. Accessories included.",
    "item_picture": "catalog/2019/11/04/ps1.jpg",
    "item_price": "65.00",
    "views": 0,
    "archived": false,
    "reported": false,
    "subcategory": []
  }
}, {
  "model": "catalog.catalogitem",
  "pk": 19,
  "fields": {
    "username": 18,
    "category": 5,
    "date_added": "2019-11-04T15:51:28.146Z",
    "item_title": "Resume Review Service",
    "item_description": "I review resumes!",
    "item_picture": "catalog/2019/11/04/FakeREsume.png",
    "item_price": "10.00",
    "views": 0,
    "archived": false,
    "reported": false,
    "subcategory": []
  }
}, {
  "model": "catalog.catalogitem",
  "pk": 20,
  "fields": {
    "username": 18,
    "category": 2,
    "date_added": "2019-11-04T15:52:36.425Z",
    "item_title": "Wads guest passes",
    "item_description": "Need to get rid of",
    "item_picture": "catalog/2019/11/04/wadsDining.jpg",
    "item_price": "0.50",
    "views": 0,
    "archived": false,
    "reported": false,
    "subcategory": []
  }
}, {
  "model": "rideSharing.ridecategory",
  "pk": 4,
  "fields": {
    "category_name": "Thanksgiving Break",
    "date_created": "2020-02-17",
    "date_updated": "2020-02-17T19:52:23.350Z"
  }
}, {
  "model": "rideSharing.ridecategory",
  "pk": 5,
  "fields": {
    "category_name": "Christmas Break",
    "date_created": "2020-02-17",
    "date_updated": "2020-02-17T19:52:27.891Z"
  }
}, {
  "model": "rideSharing.ridecategory",
  "pk": 6,
  "fields": {
    "category_name": "Spring Break",
    "date_created": "2020-02-17",
    "date_updated": "2020-02-17T19:52:34.157Z"
  }
}, {
  "model": "rideSharing.ridecategory",
  "pk": 7,
  "fields": {
    "category_name": "Other",
    "date_created": "2020-02-26",
    "date_updated": "2020-02-26T23:41:00.268Z"
  }
}, {
  "model": "rideSharing.rideitem",
  "pk": 1,
  "fields": {
    "username": 13,
    "views": 0,
    "date_added": "2020-02-26T23:53:21.824Z",
    "ride_category": 7,
    "start_city": "Houghton",
    "start_state": "Michigan",
    "start_zipcode": "49931",
    "destination_city": "St. Igance",
    "destination_state": "",
    "destination_zipcode": "",
    "destination_coordinates_lat": "45.868600",
    "destination_coordinates_lon": "-84.727800",
    "start_coordinates_lat": "0.000000",
    "start_coordinates_lon": "0.000000",
    "date_leaving": "2020-02-27",
    "round_trip": true,
    "return_date": "2020-02-29",
    "spots": 3,
    "driver": "Carlito",
    "notes": "Round Trip ride, asking for gas money",
    "price": "20.00",
    "archived": false
  }
}, {
  "model": "rideSharing.rideitem",
  "pk": 2,
  "fields": {
    "username": 13,
    "views": 0,
    "date_added": "2020-02-26T23:55:03.614Z",
    "ride_category": 5,
    "start_city": "Houghton",
    "start_state": "Michigan",
    "start_zipcode": "49931",
    "destination_city": "Gaylord",
    "destination_state": "MI",
    "destination_zipcode": "",
    "destination_coordinates_lat": "45.027500",
    "destination_coordinates_lon": "-84.674800",
    "start_coordinates_lat": "0.000000",
    "start_coordinates_lon": "0.000000",
    "date_leaving": "2020-12-19",
    "round_trip": true,
    "return_date": "2020-12-31",
    "spots": 5,
    "driver": "Carlito",
    "notes": "Lots of luggage space. Safe driver. Sometimes.",
    "price": "45.00",
    "archived": false
  }
}, {
  "model": "rideSharing.rideitem",
  "pk": 3,
  "fields": {
    "username": 13,
    "views": 0,
    "date_added": "2020-02-26T23:56:19.498Z",
    "ride_category": 6,
    "start_city": "Houghton",
    "start_state": "Michigan",
    "start_zipcode": "49931",
    "destination_city": "Detroit",
    "destination_state": "",
    "destination_zipcode": "",
    "destination_coordinates_lat": "42.348700",
    "destination_coordinates_lon": "-83.056700",
    "start_coordinates_lat": "0.000000",
    "start_coordinates_lon": "0.000000",
    "date_leaving": "2020-03-07",
    "round_trip": true,
    "return_date": "2020-03-15",
    "spots": 4,
    "driver": "Carlito",
    "notes": "Calling all gamers.",
    "price": "35.67",
    "archived": false
  }
}, {
  "model": "polls.question",
  "pk": 1,
  "fields": {
    "question_text": "Is this a question?",
    "pub_date": "2018-11-02T17:37:59Z"
  }
}, {
  "model": "polls.choice",
  "pk": 1,
  "fields": {
    "question": 1,
    "choice_text": "Yes",
    "votes": 0
  }
}, {
  "model": "polls.choice",
  "pk": 2,
  "fields": {
    "question": 1,
    "choice_text": "No",
    "votes": 1
  }
}]
